TTT,83
TTC,17
TTA,57
TTG,13
TCT,32
TCC,10
TCA,14
TCG,4
ATT,62
ATC,19
ATA,19
ATG,100
ACT,42
ACC,24
ACA,26
ACG,8
TAT,82
TAC,18
TAA,65
TAG,22
TGT,78
TGC,22
TGA,12
TGG,100
AAT,78
AAC,22
AAA,84
AAG,16
AGT,31
AGC,9
AGA,34
AGG,9
CAT,75
CAC,25
CAA,81
CAG,19
CGT,29
CGC,13
CGA,11
CGG,4
GAT,81
GAC,19
GAA,79
GAG,21
GGT,40
GGC,13
GGA,33
GGG,15
CTT,12
CTC,6
CTA,9
CTG,3
CCT,49
CCC,28
CCA,17
CCG,7
GTT,42
GTC,12
GTA,28
GTG,19
GCT,35
GCC,22
GCA,29
GCG,14
